{
    "type": "minecraft:crafting_shaped",
    "pattern": [
        "#D#",
        "QGQ",
        "XDX"
    ],
    "key": {
        "#": {
            "item": "minecraft:emerald"
        },
        "D": {
            "item": "minecraft:diamond"
        },
        "Q": {
            "item": "minecraft:diamond_block"
        },
        "G": {
            "item": "minecraft:golden_apple"
        },
        "X": {
            "item": "minecraft:gold_block"
        }
    },
    "result": {
        "item": "minecraft:enchanted_golden_apple",
        "count": 1
    }
}